image,noise,psnr_noisy,psnr_denoised,ssim_noisy,ssim_denoised,base_edges,base_fp,base_precision,base_recall,base_f1,prop_edges,prop_fp,prop_precision,prop_recall,prop_f1,gt_edges
cameraman,0.05,17.8832,26.4593,0.4229,0.8485,4730,2824,0.403,0.9656,0.5686,1488,82,0.9449,0.7123,0.8122,1974
cameraman,0.1,15.1756,26.2752,0.2682,0.8438,6827,4969,0.2722,0.9412,0.4222,1528,115,0.9247,0.7158,0.807,1974
cameraman,0.2,11.9538,24.4328,0.1554,0.8006,9888,8101,0.1807,0.9053,0.3013,1694,307,0.8188,0.7026,0.7563,1974
coins,0.05,18.5528,29.2457,0.5911,0.9265,5561,2594,0.5335,0.9636,0.6868,2790,136,0.9513,0.862,0.9044,3079
coins,0.1,15.529,27.594,0.4237,0.9101,7567,4684,0.381,0.9363,0.5416,2820,216,0.9234,0.8457,0.8829,3079
coins,0.2,12.1181,24.2498,0.2592,0.8561,10548,7735,0.2667,0.9136,0.4129,3009,468,0.8445,0.8253,0.8348,3079
shapes,0.05,18.0762,33.9588,0.365,0.9875,4075,2821,0.3077,0.9766,0.468,1283,29,0.9774,0.9766,0.977,1284
shapes,0.1,15.1123,33.1546,0.2292,0.9834,6454,5231,0.1895,0.9525,0.3161,1290,38,0.9705,0.9751,0.9728,1284
shapes,0.2,12.0239,26.2697,0.145,0.93,9761,8566,0.1224,0.9307,0.2164,1433,226,0.8423,0.94,0.8885,1284
